<?xml version="1.0" encoding="UTF-8"?>
<!DOCTYPE log4j:configuration SYSTEM "log4j.dtd">

<log4j:configuration xmlns:log4j="http://jakarta.apache.org/log4j/">

	<!-- Appenders -->
	<appender name="console" class="org.apache.log4j.ConsoleAppender">
		<param name="Target" value="System.out" />
		<layout class="org.apache.log4j.PatternLayout">
			<param name="ConversionPattern" value="%p: %c - %m%n" />
		</layout>
	</appender>
	
	 <appender name="file" class="org.apache.log4j.RollingFileAppender">
	    <param name="File"   value="c:\\aopnew\\bbb.txt" />
	    <param name="Append" value="true" />
	    <param name="MaxFileSize" value="6000KB" />
	    <layout class="org.apache.log4j.PatternLayout">
	      <param name="ConversionPattern" value="%d{DATE} %p %c{1}: %m%n"/>
	    </layout>
	  </appender>


	<!-- 3rdparty Loggers -->
	<logger name="org.springframework">
		<level value="warn" />
	</logger>
	
	<logger name="org.springframework.beans">
		<level value="warn" />
	</logger>
	
	<logger name="org.springframework.jdbc">
		<level value="warn" />
	</logger>

	<logger name="org.springframework.transaction">
		<level value="warn" />
	</logger>

	<logger name="org.springframework.orm">
		<level value="warn" />
	</logger>

	<logger name="org.springframework.web">
		<level value="warn" />
	</logger>

	<logger name="org.springframework.webflow">
		<level value="warn" />
	</logger>
	
	<!-- Root Logger -->
	<root>
		<level value="ALL" />
		<appender-ref ref="file" />
	</root>
	
</log4j:configuration>